<?xml version="1.0" encoding="UTF-8"?>
<project-private xmlns="http://www.netbeans.org/ns/project-private/1">
    <editor-bookmarks xmlns="http://www.netbeans.org/ns/editor-bookmarks/2" lastBookmarkId="0"/>
    <open-files xmlns="http://www.netbeans.org/ns/projectui-open-files/2">
        <group>
            <file>file:/C:/Users/Bhavana%20C%20S/Desktop/Student%20Grading%20System%20Project%20In%20Java%20Source%20Code/FinalYearProject/src/finalyearproject/StudentInfo.java</file>
            <file>file:/C:/Users/Bhavana%20C%20S/Desktop/Student%20Grading%20System%20Project%20In%20Java%20Source%20Code/FinalYearProject/src/finalyearproject/GradesTable.java</file>
            <file>file:/C:/Users/Bhavana%20C%20S/Desktop/Student%20Grading%20System%20Project%20In%20Java%20Source%20Code/FinalYearProject/src/finalyearproject/MainApp.java</file>
            <file>file:/C:/Users/Bhavana%20C%20S/Desktop/Student%20Grading%20System%20Project%20In%20Java%20Source%20Code/FinalYearProject/src/finalyearproject/Splash.java</file>
            <file>file:/C:/Users/Bhavana%20C%20S/Desktop/Student%20Grading%20System%20Project%20In%20Java%20Source%20Code/FinalYearProject/src/finalyearproject/FinalYearProject.java</file>
        </group>
    </open-files>
</project-private>
